,time,topic,truth_value
0,1741471867.7797852,Your job,fact
0,1741471879.8038018,Math,lie
